﻿<?xml version="1.0" encoding="utf-8"?>
<service xmlns:xsi="http://www.w3.org/2001/XMLSchema-instance" xsi:schemaLocation="http://www.sm4all-project.eu/composition/sbl ../sbl.xsd" name="MyEnemyMineBot1" stid="http://www.sm4all-project.eu/composition/sample/MyEnemyMineBot1" class="service-type">
	<ts>
		<state name="NodeT" type="initial-final">
			<transition action="MoveToNodeS">
				<target state="NodeS" />
			</transition>
			<transition action="MoveToNodeP">
				<target state="NodeP" />
			</transition>
			<transition action="TakeSnapshotNodeT">
				<target state="NodeT" />
			</transition>
		</state>
		<state name="NodeS" type="final">
			<transition action="MoveToNodeT">
				<target state="NodeT" />
			</transition>
			<transition action="MoveToNodeR ">
				<target state="NodeR " />
			</transition>
			<transition action="TakeSnapshotNodeS">
				<target state="NodeS" />
			</transition>
		</state>
		<state name="NodeR " type="final">
			<transition action="MoveToNodeS">
				<target state="NodeS" />
			</transition>
			<transition action="MoveToNodeQ">
				<target state="NodeQ" />
			</transition>
			<transition action="TakeSnapshotNodeR ">
				<target state="NodeR " />
			</transition>
		</state>
		<state name="NodeQ" type="final">
			<transition action="MoveToNodeR ">
				<target state="NodeR " />
			</transition>
			<transition action="MoveToNodeP">
				<target state="NodeP" />
			</transition>
			<transition action="TakeSnapshotNodeQ">
				<target state="NodeQ" />
			</transition>
		</state>
		<state name="NodeP" type="final">
			<transition action="MoveToNodeT">
				<target state="NodeT" />
			</transition>
			<transition action="MoveToNodeQ">
				<target state="NodeQ" />
			</transition>
			<transition action="MoveToNodeO">
				<target state="NodeO" />
			</transition>
			<transition action="TakeSnapshotNodeP">
				<target state="NodeP" />
			</transition>
		</state>
		<state name="NodeO" type="final">
			<transition action="MoveToNodeP">
				<target state="NodeP" />
			</transition>
			<transition action="MoveToNodeC">
				<target state="NodeC" />
			</transition>
			<transition action="TakeSnapshotNodeO">
				<target state="NodeO" />
			</transition>
		</state>
		<state name="NodeC" type="final">
			<transition action="MoveToNodeO">
				<target state="NodeO" />
			</transition>
			<transition action="MoveToNodeD">
				<target state="NodeD" />
			</transition>
			<transition action="TakeSnapshotNodeC">
				<target state="NodeC" />
			</transition>
		</state>
		<state name="NodeD" type="final">
			<transition action="MoveToNodeC">
				<target state="NodeC" />
			</transition>
			<transition action="MoveToNodeE">
				<target state="NodeE" />
			</transition>
			<transition action="TakeSnapshotNodeD">
				<target state="NodeD" />
			</transition>
		</state>
		<state name="NodeE" type="final">
			<transition action="MoveToNodeD">
				<target state="NodeD" />
			</transition>
			<transition action="TakeSnapshotNodeE">
				<target state="NodeE" />
			</transition>
		</state>
	</ts>
</service>