﻿<?xml version="1.0" encoding="utf-8"?>
<service xmlns:xsi="http://www.w3.org/2001/XMLSchema-instance" xsi:schemaLocation="http://www.sm4all-project.eu/composition/sbl ../sbl.xsd" name="MyEnemyMineBot" stid="http://www.sm4all-project.eu/composition/sample/MyEnemyMineBot" class="service-type">
	<ts>
		<state name="NodeH" type="initial-final">
			<transition action="MoveToNodeI">
				<target state="NodeI" />
			</transition>
			<transition action="MoveToNodeN">
				<target state="NodeN" />
			</transition>
			<transition action="TakeSnapshotNodeH">
				<target state="NodeH" />
			</transition>
		</state>
		<state name="NodeI" type="final">
			<transition action="MoveToNodeH">
				<target state="NodeH" />
			</transition>
			<transition action="MoveToNodeJ">
				<target state="NodeJ" />
			</transition>
			<transition action="TakeSnapshotNodeI">
				<target state="NodeI" />
			</transition>
		</state>
		<state name="NodeJ" type="final">
			<transition action="MoveToNodeI">
				<target state="NodeI" />
			</transition>
			<transition action="MoveToNodeK">
				<target state="NodeK" />
			</transition>
			<transition action="MoveToNodeL">
				<target state="NodeL" />
			</transition>
			<transition action="TakeSnapshotNodeJ">
				<target state="NodeJ" />
			</transition>
		</state>
		<state name="NodeK" type="final">
			<transition action="MoveToNodeJ">
				<target state="NodeJ" />
			</transition>
			<transition action="MoveToNodeL">
				<target state="NodeL" />
			</transition>
			<transition action="TakeSnapshotNodeK">
				<target state="NodeK" />
			</transition>
		</state>
		<state name="NodeL" type="final">
			<transition action="MoveToNodeJ">
				<target state="NodeJ" />
			</transition>
			<transition action="MoveToNodeK">
				<target state="NodeK" />
			</transition>
			<transition action="MoveToNodeM">
				<target state="NodeM" />
			</transition>
			<transition action="TakeSnapshotNodeL">
				<target state="NodeL" />
			</transition>
		</state>
		<state name="NodeM" type="final">
			<transition action="MoveToNodeL">
				<target state="NodeL" />
			</transition>
			<transition action="MoveToNodeB">
				<target state="NodeB" />
			</transition>
			<transition action="TakeSnapshotNodeM">
				<target state="NodeM" />
			</transition>
		</state>
		<state name="NodeB" type="final">
			<transition action="MoveToNodeM">
				<target state="NodeM" />
			</transition>
			<transition action="MoveToNodeN">
				<target state="NodeN" />
			</transition>
			<transition action="TakeSnapshotNodeB">
				<target state="NodeB" />
			</transition>
		</state>
		<state name="NodeN" type="final">
			<transition action="MoveToNodeB">
				<target state="NodeB" />
			</transition>
			<transition action="MoveToNodeH">
				<target state="NodeH" />
			</transition>
			<transition action="TakeSnapshotNodeN">
				<target state="NodeN" />
			</transition>
		</state>
	</ts>
</service>