﻿<?xml version="1.0" encoding="utf-8"?>
<service xmlns:xsi="http://www.w3.org/2001/XMLSchema-instance" xsi:schemaLocation="http://www.sm4all-project.eu/composition/sbl ../sbl.xsd" name="MyEnemyMech" stid="http://www.sm4all-project.eu/composition/sample/MyEnemyMech" class="service-type">
	<ts>
		<state name="NodeA" type="initial-final">
			<transition action="MoveToNodeN">
				<target state="NodeN" />
			</transition>
			<transition action="MoveToNodeG">
				<target state="NodeG" />
			</transition>
			<transition action="TakeSnapshotNodeA">
				<target state="NodeA" />
			</transition>
		</state>
		<state name="NodeB" type="final">
			<transition action="MoveToNodeN">
				<target state="NodeN" />
			</transition>
			<transition action="MoveToNodeM">
				<target state="NodeM" />
			</transition>
			<transition action="TakeSnapshotNodeB">
				<target state="NodeB" />
			</transition>
		</state>
		<state name="NodeC" type="final">
			<transition action="MoveToNodeM">
				<target state="NodeM" />
			</transition>
			<transition action="MoveToNodeD">
				<target state="NodeD" />
			</transition>
			<transition action="TakeSnapshotNodeC">
				<target state="NodeC" />
			</transition>
		</state>
		<state name="NodeD" type="final">
			<transition action="MoveToNodeC">
				<target state="NodeC" />
			</transition>
			<transition action="MoveToNodeE">
				<target state="NodeE" />
			</transition>
			<transition action="MoveToNodeF">
				<target state="NodeF" />
			</transition>
			<transition action="TakeSnapshotNodeD">
				<target state="NodeD" />
			</transition>
		</state>
		<state name="NodeE" type="final">
			<transition action="MoveToNodeD">
				<target state="NodeD" />
			</transition>
			<transition action="TakeSnapshotNodeE">
				<target state="NodeE" />
			</transition>
		</state>
		<state name="NodeF" type="final">
			<transition action="MoveToNodeD">
				<target state="NodeD" />
			</transition>
			<transition action="MoveToNodeG">
				<target state="NodeG" />
			</transition>
			<transition action="TakeSnapshotNodeF">
				<target state="NodeF" />
			</transition>
		</state>
		<state name="NodeG" type="final">
			<transition action="MoveToNodeF">
				<target state="NodeF" />
			</transition>
			<transition action="MoveToNodeA">
				<target state="NodeA" />
			</transition>
			<transition action="TakeSnapshotNodeG">
				<target state="NodeG" />
			</transition>
		</state>
		<state name="NodeM" type="final">
			<transition action="MoveToNodeB">
				<target state="NodeB" />
			</transition>
			<transition action="MoveToNodeC">
				<target state="NodeC" />
			</transition>
			<transition action="TakeSnapshotNodeM">
				<target state="NodeM" />
			</transition>
		</state>
		<state name="NodeN" type="final">
			<transition action="MoveToNodeA">
				<target state="NodeA" />
			</transition>
			<transition action="MoveToNodeB">
				<target state="NodeB" />
			</transition>
			<transition action="TakeSnapshotNodeN">
				<target state="NodeN" />
			</transition>
		</state>
	</ts>
</service>