﻿<?xml version="1.0" encoding="utf-8"?>
<service xmlns:xsi="http://www.w3.org/2001/XMLSchema-instance" xsi:schemaLocation="http://www.sm4all-project.eu/composition/sbl ../sbl.xsd" name="TargetBehaviour" stid="http://www.sm4all-project.eu/composition/sample/TargetBehaviour" class="service-type">
	<ts>
		<state name="a" type="initial-final">
			<transition action="MoveToNodeN">
				<target state="b" />
			</transition>
		</state>
		<state name="b" type="final">
			<transition action="MoveToNodeB">
				<target state="c" />
			</transition>
		</state>
		<state name="c" type="final">
			<transition action="MoveToNodeN">
				<target state="b" />
			</transition>
			<transition action="MoveToNodeM">
				<target state="d" />
			</transition>
		</state>
		<state name="d" type="final">
			<transition action="MoveToNodeB">
				<target state="c" />
			</transition>
		</state>
	</ts>
</service>